{
  "DNABERT-2": {
    "accession": {
      "ap_mean": 0.9807335315229379,
      "ap_std": 0.0031343075683918902,
      "auc_mean": 0.9954338831399063,
      "auc_std": 0.001752813033230751,
      "aps": [
        0.9811995035909331,
        0.9769862663244185,
        0.9862615556096738,
        0.9786674723162342,
        0.98055285977343
      ]
    },
    "species": {
      "ap_mean": 0.8187985427426799,
      "ap_std": 0.14635155201150077,
      "auc_mean": 0.9738621238028145,
      "auc_std": 0.01681169051280523,
      "aps": [
        0.8121719592867418,
        0.9516361890804773,
        0.7557597262892914,
        0.9914608873914337,
        0.5829639516654552
      ]
    },
    "random": {
      "ap_mean": 0.9837540889814276,
      "ap_std": 0.0027092165810910966,
      "auc_mean": 0.9965365297650427,
      "auc_std": 0.0009896679460695897,
      "aps": [
        0.9834793096426468,
        0.9872965454085529,
        0.983864340844864,
        0.985094762579479,
        0.9790354864315948
      ]
    }
  },
  "k-mer TF-IDF": {
    "accession": {
      "ap_mean": 0.9968354194992163,
      "ap_std": 0.0036535702898486465,
      "auc_mean": 0.9989441828010126,
      "auc_std": 0.0012616979841751602,
      "aps": [
        0.9999592038174988,
        0.9909314945452194,
        0.9995822696375192,
        0.9995523222517394,
        0.9941518072441043
      ]
    },
    "species": {
      "ap_mean": 0.8583794303701195,
      "ap_std": 0.18297485812112885,
      "auc_mean": 0.9856667600788066,
      "auc_std": 0.011134850511381333,
      "aps": [
        0.9192149801206579,
        0.9762089701962634,
        0.898010960873596,
        0.9986473022167475,
        0.4998149384433323
      ]
    }
  },
  "Composition": {
    "accession": {
      "ap_mean": 0.928217698452516,
      "ap_std": 0.01011772077848303,
      "auc_mean": 0.9814557118126878,
      "auc_std": 0.00169101555083457,
      "aps": [
        0.9262281368763695,
        0.9387431313276219,
        0.9307098583889848,
        0.9098569190658722,
        0.9355504466037314
      ]
    },
    "species": {
      "ap_mean": 0.8338686007433369,
      "ap_std": 0.14959185553784496,
      "auc_mean": 0.9657824362706038,
      "auc_std": 0.020331493945668726,
      "aps": [
        0.8657815856356713,
        0.9571752617173378,
        0.7794539942375909,
        0.9927790854244073,
        0.5741530767016771
      ]
    }
  },
  "Position-only": {
    "accession": {
      "ap_mean": 0.0707760670184412,
      "ap_std": 0.005582753845058254,
      "auc_mean": 0.5,
      "auc_std": 0.0,
      "aps": [
        0.060876082611592275,
        0.0724589343783874,
        0.07437671975318937,
        0.07704494288334862,
        0.06912365546568831
      ]
    },
    "species": {
      "ap_mean": 0.07003263970118796,
      "ap_std": 0.04914108795046414,
      "auc_mean": 0.4972472359089594,
      "auc_std": 0.0018975366084059146,
      "aps": [
        0.0810900908409034,
        0.07037212924351482,
        0.030411464161809447,
        0.1547978139574146,
        0.0134917003022975
      ]
    }
  },
  "chance_ap": 0.0707735911970657,
  "Motif scorer (top 50)": {
    "accession": {
      "ap_mean": 0.6376866354941206,
      "ap_std": 0.02348634848718619,
      "auc_mean": 0.9015531100472824,
      "auc_std": 0.006181650723838616,
      "aps": [
        0.6019187211848417,
        0.6613137667717253,
        0.6503306269263147,
        0.617935535516045,
        0.6569345270716764
      ]
    },
    "species": {
      "ap_mean": 0.43402998376116686,
      "ap_std": 0.29072383955896614,
      "auc_mean": 0.8566590480178877,
      "auc_std": 0.07721398930222849,
      "aps": [
        0.3370000844295356,
        0.5902396277807448,
        0.18911188834608336,
        0.9215833742026486,
        0.1322149440468217
      ]
    }
  }
}