{
  "n_top_motifs": 50,
  "top_motifs": [
    "ATTAGG",
    "CCCTTT",
    "AGAGAG",
    "TACTCC",
    "TAGTAT",
    "AGAGGG",
    "CTAATA",
    "GGCCTC",
    "GAATAG",
    "ATAGAA",
    "GATAGA",
    "ACCCTA",
    "CAGAGA",
    "AGGCCC",
    "GAGTCT",
    "ATAAAA",
    "CTTAAG",
    "ATAGGG",
    "ACTAGA",
    "CTACAG",
    "TAGGGG",
    "CAGGCA",
    "TATAGG",
    "AGACCT",
    "AATAGT",
    "TAATAG",
    "GAGAGG",
    "AATAGA",
    "AGAGAC",
    "CAGACC",
    "GCCATA",
    "TACTAA",
    "ACAGAG",
    "AGTCCC",
    "CCCTAA",
    "CATAAA",
    "GGAATA",
    "AGACCC",
    "TAGGCA",
    "AGGGAA",
    "CACAGA",
    "CAATTA",
    "GCATAG",
    "GGCCAG",
    "GCAGGC",
    "ATAGTA",
    "TTAGTA",
    "TCAGAC",
    "TTCAGA",
    "ATAGAG"
  ],
  "top_motif_weights": [
    3.222392421336448,
    2.7258250365610057,
    2.5928129506881383,
    2.569108549520319,
    2.505699222196503,
    2.429311630260962,
    2.363853958655066,
    2.32802829442378,
    2.305808429524085,
    2.2420747871981477,
    2.2237749753865668,
    2.2126811133566178,
    2.1655679216916033,
    2.157775918776196,
    2.131529622705302,
    2.1306412737917753,
    2.101753498800733,
    2.10004717685033,
    2.09984194571869,
    2.0991754050908353,
    2.0874628412503395,
    2.0727940023552005,
    2.068712750084014,
    2.0427329849885325,
    2.0349954213562036,
    2.028797264307435,
    2.0159709569117834,
    2.012299264950443,
    2.0050426302330457,
    1.9853159542428869,
    1.9807637811370824,
    1.956056652412403,
    1.918699897898152,
    1.914779867182807,
    1.9123538779209963,
    1.9058987117324664,
    1.9010581503063635,
    1.8938005961680748,
    1.8875252707415873,
    1.8802054874652856,
    1.859221344217204,
    1.8585526991338208,
    1.8512154132794023,
    1.8360503550580696,
    1.8311230879905536,
    1.829696089812006,
    1.829115440796415,
    1.82781902461732,
    1.8268912735432985,
    1.8126844258682633
  ],
  "results": {
    "accession": {
      "transparent_score": {
        "ap_mean": 0.6400740282823392,
        "ap_std": 0.023301080826237417,
        "auc_mean": 0.902235972567682,
        "auc_std": 0.005830916347444502,
        "aps": [
          0.6048925459772804,
          0.6643319224327393,
          0.6523523512219844,
          0.620202327804505,
          0.6585909939751866
        ],
        "aucs": [
          0.893064730980955,
          0.9054602185055669,
          0.9055635920167172,
          0.8980235742815921,
          0.9090677470535786
        ]
      },
      "logreg_top_motifs": {
        "ap_mean": 0.7008958551494066,
        "ap_std": 0.01953968082837294,
        "auc_mean": 0.9308550677399318,
        "auc_std": 0.0036559367710038695,
        "aps": [
          0.6658787930579916,
          0.7127962513838769,
          0.7097517694870081,
          0.6945899027160997,
          0.7214625591020566
        ],
        "aucs": [
          0.9248564958008668,
          0.928958484107802,
          0.9351948052997286,
          0.931609142807083,
          0.9336564106841784
        ]
      }
    },
    "species": {
      "transparent_score": {
        "ap_mean": 0.43853489638647797,
        "ap_std": 0.29066799794443915,
        "auc_mean": 0.8574020634483158,
        "auc_std": 0.07745723150355756,
        "aps": [
          0.33988973995019023,
          0.603785852242583,
          0.19387247877767474,
          0.9210660019226308,
          0.1340604090393111
        ],
        "aucs": [
          0.7527093300353886,
          0.9135890812714249,
          0.8050672985045935,
          0.9712936960143794,
          0.844350911415793
        ]
      },
      "logreg_top_motifs": {
        "ap_mean": 0.44556981132079887,
        "ap_std": 0.29390885231299146,
        "auc_mean": 0.8673198954132669,
        "auc_std": 0.0661414430969922,
        "aps": [
          0.32401864099641514,
          0.6507535647508157,
          0.25473957283452536,
          0.9071362597119292,
          0.09120101831030852
        ],
        "aucs": [
          0.8036856358762592,
          0.9161399415273107,
          0.857420260292225,
          0.966387103547407,
          0.7929665358231323
        ]
      }
    }
  },
  "n_windows": 59980,
  "class_distribution": {
    "ARB": 55735,
    "ISV": 4245
  }
}